<?xml version="1.0" encoding="UTF-8"?>
<LearningStandards>
  <LearningStandardItem xml:lang="en" RefID="8F843FFF2FE1485b990E145267FF52AA">
    <RefURI>http://corestandards.org/ELA-Literacy/RI/4/10/</RefURI>
    <StandardHierarchyLevel>
      <number>6</number>
      <description>Standard</description>
    </StandardHierarchyLevel>
    <StatementCodes>
      <StatementCode>CCSS.ELA-Literacy.RI.4.10</StatementCode>
    </StatementCodes>
    <Statements>
      <Statement>By the end of year, read and comprehend informational texts, including history/social studies, science, and technical texts, in the grades 4&amp;ndash;5 text complexity band proficiently, with scaffolding as needed at the high end of the range.</Statement>
    </Statements>
    <GradeLevels>
      <GradeLevel>04</GradeLevel>
    </GradeLevels>
    <LearningStandardDocumentRefId>0FAC40650F514a459951A657F942B845</LearningStandardDocumentRefId>
    <RelatedLearningStandardItems>
      <LearningStandardItemRefId RelationshipType="childOf">6FD6160C43BB42a58D250C0F33957732</LearningStandardItemRefId>
    </RelatedLearningStandardItems>
  </LearningStandardItem>
</LearningStandards>
