<?xml version="1.0" encoding="UTF-8"?>
<LearningStandards>
  <LearningStandardItem xml:lang="en" RefID="7AA47AB68183493fA0DD5B37C711CF9E">
    <RefURI>http://corestandards.org/ELA-Literacy/L/5/3/b/</RefURI>
    <StandardHierarchyLevel>
      <number>6</number>
      <description>Component</description>
    </StandardHierarchyLevel>
    <StatementCodes>
      <StatementCode>CCSS.ELA-Literacy.L.5.3b</StatementCode>
    </StatementCodes>
    <Statements>
      <Statement>Compare and contrast the varieties of English (e.g., &lt;em&gt;dialects, registers&lt;/em&gt;) used in stories, dramas, or poems.</Statement>
    </Statements>
    <GradeLevels>
      <GradeLevel>05</GradeLevel>
    </GradeLevels>
    <LearningStandardDocumentRefId>0FAC40650F514a459951A657F942B845</LearningStandardDocumentRefId>
    <RelatedLearningStandardItems>
      <LearningStandardItemRefId RelationshipType="childOf">A6DA6BE762434d5581C890C83A3F4FBC</LearningStandardItemRefId>
    </RelatedLearningStandardItems>
  </LearningStandardItem>
</LearningStandards>
