<?xml version="1.0" encoding="UTF-8"?>
<LearningStandards>
  <LearningStandardItem xml:lang="en" RefID="26DDA57B24084711B34B3A745413B7D4">
    <RefURI>http://corestandards.org/ELA-Literacy/CCRA/R/3/</RefURI>
    <StandardHierarchyLevel>
      <number>6</number>
      <description>Standard</description>
    </StandardHierarchyLevel>
    <StatementCodes>
      <StatementCode>CCSS.ELA-Literacy.CCRA.R.3</StatementCode>
    </StatementCodes>
    <Statements>
      <Statement>Analyze how and why individuals, events, or ideas develop and interact over the course of a text.</Statement>
    </Statements>
    <GradeLevels>
      <GradeLevel>K</GradeLevel>
      <GradeLevel>01</GradeLevel>
      <GradeLevel>02</GradeLevel>
      <GradeLevel>03</GradeLevel>
      <GradeLevel>04</GradeLevel>
      <GradeLevel>05</GradeLevel>
      <GradeLevel>06</GradeLevel>
      <GradeLevel>07</GradeLevel>
      <GradeLevel>08</GradeLevel>
      <GradeLevel>09</GradeLevel>
      <GradeLevel>10</GradeLevel>
      <GradeLevel>11</GradeLevel>
      <GradeLevel>12</GradeLevel>
    </GradeLevels>
    <LearningStandardDocumentRefId>0FAC40650F514a459951A657F942B845</LearningStandardDocumentRefId>
  </LearningStandardItem>
</LearningStandards>
