<?xml version="1.0" encoding="UTF-8"?>
<LearningStandards>
  <LearningStandardItem xml:lang="en" RefID="3629D38EBC28420aB48D894E2940CC7B">
    <RefURI>http://corestandards.org/ELA-Literacy/CCRA/R/8/</RefURI>
    <StandardHierarchyLevel>
      <number>6</number>
      <description>Standard</description>
    </StandardHierarchyLevel>
    <StatementCodes>
      <StatementCode>CCSS.ELA-Literacy.CCRA.R.8</StatementCode>
    </StatementCodes>
    <Statements>
      <Statement>Delineate and evaluate the argument and specific claims in a text, including the validity of the reasoning as well as the relevance and sufficiency of the evidence.</Statement>
    </Statements>
    <GradeLevels>
      <GradeLevel>K</GradeLevel>
      <GradeLevel>01</GradeLevel>
      <GradeLevel>02</GradeLevel>
      <GradeLevel>03</GradeLevel>
      <GradeLevel>04</GradeLevel>
      <GradeLevel>05</GradeLevel>
      <GradeLevel>06</GradeLevel>
      <GradeLevel>07</GradeLevel>
      <GradeLevel>08</GradeLevel>
      <GradeLevel>09</GradeLevel>
      <GradeLevel>10</GradeLevel>
      <GradeLevel>11</GradeLevel>
      <GradeLevel>12</GradeLevel>
    </GradeLevels>
    <LearningStandardDocumentRefId>0FAC40650F514a459951A657F942B845</LearningStandardDocumentRefId>
  </LearningStandardItem>
</LearningStandards>
