<?xml version="1.0" encoding="UTF-8"?>
<LearningStandards>
  <LearningStandardItem xml:lang="en" RefID="35614DE8A37A465192E8943540E19792">
    <RefURI>http://corestandards.org/ELA-Literacy/RI/6/6/</RefURI>
    <StandardHierarchyLevel>
      <number>6</number>
      <description>Standard</description>
    </StandardHierarchyLevel>
    <StatementCodes>
      <StatementCode>CCSS.ELA-Literacy.RI.6.6</StatementCode>
    </StatementCodes>
    <Statements>
      <Statement>Determine an author&#8217;s point of view or purpose in a text and explain how it is conveyed in the text.</Statement>
    </Statements>
    <GradeLevels>
      <GradeLevel>06</GradeLevel>
    </GradeLevels>
    <LearningStandardDocumentRefId>0FAC40650F514a459951A657F942B845</LearningStandardDocumentRefId>
    <RelatedLearningStandardItems>
      <LearningStandardItemRefId RelationshipType="childOf">303BF1ED359C423aB6BC6DFEFA9FDF01</LearningStandardItemRefId>
    </RelatedLearningStandardItems>
  </LearningStandardItem>
</LearningStandards>
