<?xml version="1.0" encoding="UTF-8"?>
<LearningStandards>
  <LearningStandardItem xml:lang="en" RefID="EFCBE993E465475eAB002A64DE941142">
    <RefURI>http://corestandards.org/ELA-Literacy/L/3/2/f/</RefURI>
    <StandardHierarchyLevel>
      <number>6</number>
      <description>Component</description>
    </StandardHierarchyLevel>
    <StatementCodes>
      <StatementCode>CCSS.ELA-Literacy.L.3.2f</StatementCode>
    </StatementCodes>
    <Statements>
      <Statement>Use spelling patterns and generalizations (e.g., &lt;em&gt;word families, position-based spellings, syllable patterns, ending rules, meaningful word parts&lt;/em&gt;) in writing words.</Statement>
    </Statements>
    <GradeLevels>
      <GradeLevel>03</GradeLevel>
    </GradeLevels>
    <LearningStandardDocumentRefId>0FAC40650F514a459951A657F942B845</LearningStandardDocumentRefId>
    <RelatedLearningStandardItems>
      <LearningStandardItemRefId RelationshipType="childOf">CDB3FEEFC8174f3fA05ED9506BACA4F4</LearningStandardItemRefId>
    </RelatedLearningStandardItems>
  </LearningStandardItem>
</LearningStandards>
