<?xml version="1.0" encoding="UTF-8"?>
<LearningStandards>
  <LearningStandardItem xml:lang="en" RefID="852CCA1961A3481e9E04E78FBB60D00A">
    <RefURI>http://corestandards.org/ELA-Literacy/L/2/2/d/</RefURI>
    <StandardHierarchyLevel>
      <number>6</number>
      <description>Component</description>
    </StandardHierarchyLevel>
    <StatementCodes>
      <StatementCode>CCSS.ELA-Literacy.L.2.2d</StatementCode>
    </StatementCodes>
    <Statements>
      <Statement>Generalize learned spelling patterns when writing words (e.g., &lt;em&gt;cage &#8594; badge; boy &#8594; boil&lt;/em&gt;).</Statement>
    </Statements>
    <GradeLevels>
      <GradeLevel>02</GradeLevel>
    </GradeLevels>
    <LearningStandardDocumentRefId>0FAC40650F514a459951A657F942B845</LearningStandardDocumentRefId>
    <RelatedLearningStandardItems>
      <LearningStandardItemRefId RelationshipType="childOf">6ED4853445EA48b79286A547A18C56F6</LearningStandardItemRefId>
    </RelatedLearningStandardItems>
  </LearningStandardItem>
</LearningStandards>
