<?xml version="1.0" encoding="UTF-8"?>
<LearningStandards>
  <LearningStandardItem xml:lang="en" RefID="D6149832B039495eBACBC94491BD7028">
    <RefURI>http://corestandards.org/ELA-Literacy/L/1/5/</RefURI>
    <StandardHierarchyLevel>
      <number>6</number>
      <description>Standard</description>
    </StandardHierarchyLevel>
    <StatementCodes>
      <StatementCode>CCSS.ELA-Literacy.L.1.5</StatementCode>
    </StatementCodes>
    <Statements>
      <Statement>With guidance and support from adults, demonstrate understanding of word relationships and nuances in word meanings.</Statement>
    </Statements>
    <GradeLevels>
      <GradeLevel>01</GradeLevel>
    </GradeLevels>
    <LearningStandardDocumentRefId>0FAC40650F514a459951A657F942B845</LearningStandardDocumentRefId>
    <RelatedLearningStandardItems>
      <LearningStandardItemRefId RelationshipType="childOf">CFDD8359D8EE4ed486A3EB0C6B0079E8</LearningStandardItemRefId>
    </RelatedLearningStandardItems>
  </LearningStandardItem>
  <LearningStandardItem xml:lang="en" RefID="A9C64C2752824c65BEC4CFF30E25BA39">
    <RefURI>http://corestandards.org/ELA-Literacy/L/1/5/a/</RefURI>
    <StandardHierarchyLevel>
      <number>7</number>
      <description>Component</description>
    </StandardHierarchyLevel>
    <StatementCodes>
      <StatementCode>CCSS.ELA-Literacy.L.1.5a</StatementCode>
    </StatementCodes>
    <Statements>
      <Statement>Sort words into categories (e.g., colors, clothing) to gain a sense of the concepts the categories represent.</Statement>
    </Statements>
    <GradeLevels>
      <GradeLevel>01</GradeLevel>
    </GradeLevels>
    <LearningStandardDocumentRefId>0FAC40650F514a459951A657F942B845</LearningStandardDocumentRefId>
    <RelatedLearningStandardItems>
      <LearningStandardItemRefId RelationshipType="childOf">D6149832B039495eBACBC94491BD7028</LearningStandardItemRefId>
    </RelatedLearningStandardItems>
  </LearningStandardItem>
  <LearningStandardItem xml:lang="en" RefID="199809FADEDC49f0AEC38FB86823D45E">
    <RefURI>http://corestandards.org/ELA-Literacy/L/1/5/b/</RefURI>
    <StandardHierarchyLevel>
      <number>7</number>
      <description>Component</description>
    </StandardHierarchyLevel>
    <StatementCodes>
      <StatementCode>CCSS.ELA-Literacy.L.1.5b</StatementCode>
    </StatementCodes>
    <Statements>
      <Statement>Define words by category and by one or more key attributes (e.g., a &lt;em&gt;duck&lt;/em&gt; is a bird that swims; a &lt;em&gt;tiger&lt;/em&gt; is a large cat with stripes).</Statement>
    </Statements>
    <GradeLevels>
      <GradeLevel>01</GradeLevel>
    </GradeLevels>
    <LearningStandardDocumentRefId>0FAC40650F514a459951A657F942B845</LearningStandardDocumentRefId>
    <RelatedLearningStandardItems>
      <LearningStandardItemRefId RelationshipType="childOf">D6149832B039495eBACBC94491BD7028</LearningStandardItemRefId>
    </RelatedLearningStandardItems>
  </LearningStandardItem>
  <LearningStandardItem xml:lang="en" RefID="48CDCAEDD68C4b4882AD8B6A43128FD4">
    <RefURI>http://corestandards.org/ELA-Literacy/L/1/5/c/</RefURI>
    <StandardHierarchyLevel>
      <number>7</number>
      <description>Component</description>
    </StandardHierarchyLevel>
    <StatementCodes>
      <StatementCode>CCSS.ELA-Literacy.L.1.5c</StatementCode>
    </StatementCodes>
    <Statements>
      <Statement>Identify real-life connections between words and their use (e.g., note places at home that are &lt;em&gt;cozy&lt;/em&gt;).</Statement>
    </Statements>
    <GradeLevels>
      <GradeLevel>01</GradeLevel>
    </GradeLevels>
    <LearningStandardDocumentRefId>0FAC40650F514a459951A657F942B845</LearningStandardDocumentRefId>
    <RelatedLearningStandardItems>
      <LearningStandardItemRefId RelationshipType="childOf">D6149832B039495eBACBC94491BD7028</LearningStandardItemRefId>
    </RelatedLearningStandardItems>
  </LearningStandardItem>
  <LearningStandardItem xml:lang="en" RefID="BFC22C3036C549c988FA3F95F64E3BDA">
    <RefURI>http://corestandards.org/ELA-Literacy/L/1/5/d/</RefURI>
    <StandardHierarchyLevel>
      <number>7</number>
      <description>Component</description>
    </StandardHierarchyLevel>
    <StatementCodes>
      <StatementCode>CCSS.ELA-Literacy.L.1.5d</StatementCode>
    </StatementCodes>
    <Statements>
      <Statement>Distinguish shades of meaning among verbs differing in manner (e.g., &lt;em&gt;look, peek, glance, stare, glare, scowl&lt;/em&gt;) and adjectives differing in intensity (e.g., large, gigantic) by defining or choosing them or by acting out the meanings.</Statement>
    </Statements>
    <GradeLevels>
      <GradeLevel>01</GradeLevel>
    </GradeLevels>
    <LearningStandardDocumentRefId>0FAC40650F514a459951A657F942B845</LearningStandardDocumentRefId>
    <RelatedLearningStandardItems>
      <LearningStandardItemRefId RelationshipType="childOf">D6149832B039495eBACBC94491BD7028</LearningStandardItemRefId>
    </RelatedLearningStandardItems>
  </LearningStandardItem>
</LearningStandards>
