<?xml version="1.0" encoding="UTF-8"?>
<LearningStandards>
  <LearningStandardItem xml:lang="en" RefID="BFC22C3036C549c988FA3F95F64E3BDA">
    <RefURI>http://corestandards.org/ELA-Literacy/L/1/5/d/</RefURI>
    <StandardHierarchyLevel>
      <number>6</number>
      <description>Component</description>
    </StandardHierarchyLevel>
    <StatementCodes>
      <StatementCode>CCSS.ELA-Literacy.L.1.5d</StatementCode>
    </StatementCodes>
    <Statements>
      <Statement>Distinguish shades of meaning among verbs differing in manner (e.g., &lt;em&gt;look, peek, glance, stare, glare, scowl&lt;/em&gt;) and adjectives differing in intensity (e.g., large, gigantic) by defining or choosing them or by acting out the meanings.</Statement>
    </Statements>
    <GradeLevels>
      <GradeLevel>01</GradeLevel>
    </GradeLevels>
    <LearningStandardDocumentRefId>0FAC40650F514a459951A657F942B845</LearningStandardDocumentRefId>
    <RelatedLearningStandardItems>
      <LearningStandardItemRefId RelationshipType="childOf">D6149832B039495eBACBC94491BD7028</LearningStandardItemRefId>
    </RelatedLearningStandardItems>
  </LearningStandardItem>
</LearningStandards>
