<?xml version="1.0" encoding="UTF-8"?>
<LearningStandards>
  <LearningStandardItem xml:lang="en" RefID="E2B9E4D7A73941219439E04F3FA894C5">
    <RefURI>http://corestandards.org/ELA-Literacy/L/11-12/1/a/</RefURI>
    <StandardHierarchyLevel>
      <number>6</number>
      <description>Component</description>
    </StandardHierarchyLevel>
    <StatementCodes>
      <StatementCode>CCSS.ELA-Literacy.L.11-12.1a</StatementCode>
    </StatementCodes>
    <Statements>
      <Statement>Apply the understanding that usage is a matter of convention, can change over time, and is sometimes contested.</Statement>
    </Statements>
    <GradeLevels>
      <GradeLevel>11-12</GradeLevel>
    </GradeLevels>
    <LearningStandardDocumentRefId>0FAC40650F514a459951A657F942B845</LearningStandardDocumentRefId>
    <RelatedLearningStandardItems>
      <LearningStandardItemRefId RelationshipType="childOf">E08E79C01D4F4bf1959ACD13DA74DF36</LearningStandardItemRefId>
    </RelatedLearningStandardItems>
  </LearningStandardItem>
</LearningStandards>
