<?xml version="1.0" encoding="UTF-8"?>
<LearningStandards>
  <LearningStandardItem xml:lang="en" RefID="E89765EA4DF044588437764DA259D7A5">
    <RefURI>http://corestandards.org/ELA-Literacy/L/5/2/c/</RefURI>
    <StandardHierarchyLevel>
      <number>6</number>
      <description>Component</description>
    </StandardHierarchyLevel>
    <StatementCodes>
      <StatementCode>CCSS.ELA-Literacy.L.5.2c</StatementCode>
    </StatementCodes>
    <Statements>
      <Statement>Use a comma to set off the words &lt;i&gt;yes&lt;/i&gt; and &lt;i&gt;no&lt;/i&gt; (e.g., &lt;em&gt;Yes, thank you&lt;/em&gt;), to set off a tag question from the rest of the sentence (e.g., &lt;em&gt;It&amp;rsquo;s true, isn&amp;rsquo;t it?&lt;/em&gt;), and to indicate direct address (e.g., &lt;em&gt;Is that you, Steve?&lt;/em&gt;).</Statement>
    </Statements>
    <GradeLevels>
      <GradeLevel>05</GradeLevel>
    </GradeLevels>
    <LearningStandardDocumentRefId>0FAC40650F514a459951A657F942B845</LearningStandardDocumentRefId>
    <RelatedLearningStandardItems>
      <LearningStandardItemRefId RelationshipType="childOf">AE2BC234A91446709EBDB06FFDAAE24A</LearningStandardItemRefId>
    </RelatedLearningStandardItems>
  </LearningStandardItem>
</LearningStandards>
