<?xml version="1.0" encoding="UTF-8"?>
<LearningStandards>
  <LearningStandardItem xml:lang="en" RefID="88C47D1E51D84a81ABA1008691A01CF9">
    <RefURI>http://corestandards.org/ELA-Literacy/L/1/1/g/</RefURI>
    <StandardHierarchyLevel>
      <number>6</number>
      <description>Component</description>
    </StandardHierarchyLevel>
    <StatementCodes>
      <StatementCode>CCSS.ELA-Literacy.L.1.1g</StatementCode>
    </StatementCodes>
    <Statements>
      <Statement>Use frequently occurring conjunctions (e.g., &lt;em&gt;and, but, or, so, because&lt;/em&gt;).</Statement>
    </Statements>
    <GradeLevels>
      <GradeLevel>01</GradeLevel>
    </GradeLevels>
    <LearningStandardDocumentRefId>0FAC40650F514a459951A657F942B845</LearningStandardDocumentRefId>
    <RelatedLearningStandardItems>
      <LearningStandardItemRefId RelationshipType="childOf">C34A7209EE3E4969AA850420FEC6523F</LearningStandardItemRefId>
    </RelatedLearningStandardItems>
  </LearningStandardItem>
</LearningStandards>
