<?xml version="1.0" encoding="UTF-8"?>
<LearningStandards>
  <LearningStandardItem xml:lang="en" RefID="D1EEDFE7732E4904974920A0A720C0FF">
    <RefURI>http://corestandards.org/ELA-Literacy/L/11-12/4/b/</RefURI>
    <StandardHierarchyLevel>
      <number>6</number>
      <description>Component</description>
    </StandardHierarchyLevel>
    <StatementCodes>
      <StatementCode>CCSS.ELA-Literacy.L.11-12.4b</StatementCode>
    </StatementCodes>
    <Statements>
      <Statement>Identify and correctly use patterns of word changes that indicate different meanings or parts of speech (e.g., &lt;em&gt;conceive, conception, conceivable&lt;/em&gt;).</Statement>
    </Statements>
    <GradeLevels>
      <GradeLevel>11-12</GradeLevel>
    </GradeLevels>
    <LearningStandardDocumentRefId>0FAC40650F514a459951A657F942B845</LearningStandardDocumentRefId>
    <RelatedLearningStandardItems>
      <LearningStandardItemRefId RelationshipType="childOf">C7EA09B4EDFC4a22980C7470BC2FBFC2</LearningStandardItemRefId>
    </RelatedLearningStandardItems>
  </LearningStandardItem>
</LearningStandards>
