<?xml version="1.0" encoding="UTF-8"?>
<LearningStandards>
  <LearningStandardItem xml:lang="en" RefID="A4DF66EFF99A4afaB85BA92C6FB9947D">
    <RefURI>http://corestandards.org/ELA-Literacy/L/6/3/</RefURI>
    <StandardHierarchyLevel>
      <number>6</number>
      <description>Standard</description>
    </StandardHierarchyLevel>
    <StatementCodes>
      <StatementCode>CCSS.ELA-Literacy.L.6.3</StatementCode>
    </StatementCodes>
    <Statements>
      <Statement>Use knowledge of language and its conventions when writing, speaking, reading, or listening.</Statement>
    </Statements>
    <GradeLevels>
      <GradeLevel>06</GradeLevel>
    </GradeLevels>
    <LearningStandardDocumentRefId>0FAC40650F514a459951A657F942B845</LearningStandardDocumentRefId>
    <RelatedLearningStandardItems>
      <LearningStandardItemRefId RelationshipType="childOf">293FA32B1B2E4aa09986C0C38A4F3080</LearningStandardItemRefId>
    </RelatedLearningStandardItems>
  </LearningStandardItem>
  <LearningStandardItem xml:lang="en" RefID="B87BE93FE3874e6c939E8F6A86BA3384">
    <RefURI>http://corestandards.org/ELA-Literacy/L/6/3/a/</RefURI>
    <StandardHierarchyLevel>
      <number>7</number>
      <description>Component</description>
    </StandardHierarchyLevel>
    <StatementCodes>
      <StatementCode>CCSS.ELA-Literacy.L.6.3a</StatementCode>
    </StatementCodes>
    <Statements>
      <Statement>Vary sentence patterns for meaning, reader/listener interest, and style.*</Statement>
    </Statements>
    <GradeLevels>
      <GradeLevel>06</GradeLevel>
    </GradeLevels>
    <LearningStandardDocumentRefId>0FAC40650F514a459951A657F942B845</LearningStandardDocumentRefId>
    <RelatedLearningStandardItems>
      <LearningStandardItemRefId RelationshipType="childOf">A4DF66EFF99A4afaB85BA92C6FB9947D</LearningStandardItemRefId>
    </RelatedLearningStandardItems>
  </LearningStandardItem>
  <LearningStandardItem xml:lang="en" RefID="355EA55021354f1cB7EA0C112584D876">
    <RefURI>http://corestandards.org/ELA-Literacy/L/6/3/b/</RefURI>
    <StandardHierarchyLevel>
      <number>7</number>
      <description>Component</description>
    </StandardHierarchyLevel>
    <StatementCodes>
      <StatementCode>CCSS.ELA-Literacy.L.6.3b</StatementCode>
    </StatementCodes>
    <Statements>
      <Statement>Maintain consistency in style and tone.*</Statement>
    </Statements>
    <GradeLevels>
      <GradeLevel>06</GradeLevel>
    </GradeLevels>
    <LearningStandardDocumentRefId>0FAC40650F514a459951A657F942B845</LearningStandardDocumentRefId>
    <RelatedLearningStandardItems>
      <LearningStandardItemRefId RelationshipType="childOf">A4DF66EFF99A4afaB85BA92C6FB9947D</LearningStandardItemRefId>
    </RelatedLearningStandardItems>
  </LearningStandardItem>
</LearningStandards>
