<?xml version="1.0" encoding="UTF-8"?>
<LearningStandards>
  <LearningStandardItem xml:lang="en" RefID="9C38A21CE7A94a70B40FC381844B33D8">
    <RefURI>http://corestandards.org/ELA-Literacy/L/5/4/a/</RefURI>
    <StandardHierarchyLevel>
      <number>6</number>
      <description>Component</description>
    </StandardHierarchyLevel>
    <StatementCodes>
      <StatementCode>CCSS.ELA-Literacy.L.5.4a</StatementCode>
    </StatementCodes>
    <Statements>
      <Statement>Use context (e.g., cause/effect relationships and comparisons in text) as a clue to the meaning of a word or phrase.</Statement>
    </Statements>
    <GradeLevels>
      <GradeLevel>05</GradeLevel>
    </GradeLevels>
    <LearningStandardDocumentRefId>0FAC40650F514a459951A657F942B845</LearningStandardDocumentRefId>
    <RelatedLearningStandardItems>
      <LearningStandardItemRefId RelationshipType="childOf">F41642FFCA294e28AF9A9DAF109F4628</LearningStandardItemRefId>
    </RelatedLearningStandardItems>
  </LearningStandardItem>
</LearningStandards>
