<?xml version="1.0" encoding="UTF-8"?>
<LearningStandards>
  <LearningStandardItem xml:lang="en" RefID="2541ACF78D024c418E961FFDE0F9512F">
    <RefURI>http://corestandards.org/ELA-Literacy/RI/2/1/</RefURI>
    <StandardHierarchyLevel>
      <number>6</number>
      <description>Standard</description>
    </StandardHierarchyLevel>
    <StatementCodes>
      <StatementCode>CCSS.ELA-Literacy.RI.2.1</StatementCode>
    </StatementCodes>
    <Statements>
      <Statement>Ask and answer such questions as &lt;i&gt;who, what, where, when, why&lt;/i&gt;, and &lt;i&gt;how&lt;/i&gt; to demonstrate understanding of key details in a text.</Statement>
    </Statements>
    <GradeLevels>
      <GradeLevel>02</GradeLevel>
    </GradeLevels>
    <LearningStandardDocumentRefId>0FAC40650F514a459951A657F942B845</LearningStandardDocumentRefId>
    <RelatedLearningStandardItems>
      <LearningStandardItemRefId RelationshipType="childOf">8C19382DBADF4869BED263846881ED2D</LearningStandardItemRefId>
    </RelatedLearningStandardItems>
  </LearningStandardItem>
  <LearningStandardItem xml:lang="en" RefID="9CC3277CF3444ad997B37A5755116291">
    <RefURI>http://corestandards.org/ELA-Literacy/RI/2/2/</RefURI>
    <StandardHierarchyLevel>
      <number>6</number>
      <description>Standard</description>
    </StandardHierarchyLevel>
    <StatementCodes>
      <StatementCode>CCSS.ELA-Literacy.RI.2.2</StatementCode>
    </StatementCodes>
    <Statements>
      <Statement>Identify the main topic of a multiparagraph text as well as the focus of specific paragraphs within the text.</Statement>
    </Statements>
    <GradeLevels>
      <GradeLevel>02</GradeLevel>
    </GradeLevels>
    <LearningStandardDocumentRefId>0FAC40650F514a459951A657F942B845</LearningStandardDocumentRefId>
    <RelatedLearningStandardItems>
      <LearningStandardItemRefId RelationshipType="childOf">8C19382DBADF4869BED263846881ED2D</LearningStandardItemRefId>
    </RelatedLearningStandardItems>
  </LearningStandardItem>
  <LearningStandardItem xml:lang="en" RefID="EC87D8D51C714ed0AEABBDF18F3BC3E1">
    <RefURI>http://corestandards.org/ELA-Literacy/RI/2/3/</RefURI>
    <StandardHierarchyLevel>
      <number>6</number>
      <description>Standard</description>
    </StandardHierarchyLevel>
    <StatementCodes>
      <StatementCode>CCSS.ELA-Literacy.RI.2.3</StatementCode>
    </StatementCodes>
    <Statements>
      <Statement>Describe the connection between a series of historical events, scientific ideas or concepts, or steps in technical procedures in a text.</Statement>
    </Statements>
    <GradeLevels>
      <GradeLevel>02</GradeLevel>
    </GradeLevels>
    <LearningStandardDocumentRefId>0FAC40650F514a459951A657F942B845</LearningStandardDocumentRefId>
    <RelatedLearningStandardItems>
      <LearningStandardItemRefId RelationshipType="childOf">8C19382DBADF4869BED263846881ED2D</LearningStandardItemRefId>
    </RelatedLearningStandardItems>
  </LearningStandardItem>
  <LearningStandardItem xml:lang="en" RefID="EC8FFBD472024907B3C36544CB4FB157">
    <RefURI>http://corestandards.org/ELA-Literacy/RI/2/4/</RefURI>
    <StandardHierarchyLevel>
      <number>6</number>
      <description>Standard</description>
    </StandardHierarchyLevel>
    <StatementCodes>
      <StatementCode>CCSS.ELA-Literacy.RI.2.4</StatementCode>
    </StatementCodes>
    <Statements>
      <Statement>Determine the meaning of words and phrases in a text relevant to a &lt;i&gt;grade 2 topic or subject area.&lt;/i&gt;</Statement>
    </Statements>
    <GradeLevels>
      <GradeLevel>02</GradeLevel>
    </GradeLevels>
    <LearningStandardDocumentRefId>0FAC40650F514a459951A657F942B845</LearningStandardDocumentRefId>
    <RelatedLearningStandardItems>
      <LearningStandardItemRefId RelationshipType="childOf">8C19382DBADF4869BED263846881ED2D</LearningStandardItemRefId>
    </RelatedLearningStandardItems>
  </LearningStandardItem>
  <LearningStandardItem xml:lang="en" RefID="DA2900274FE14ae19714771F0D8D4731">
    <RefURI>http://corestandards.org/ELA-Literacy/RI/2/5/</RefURI>
    <StandardHierarchyLevel>
      <number>6</number>
      <description>Standard</description>
    </StandardHierarchyLevel>
    <StatementCodes>
      <StatementCode>CCSS.ELA-Literacy.RI.2.5</StatementCode>
    </StatementCodes>
    <Statements>
      <Statement>Know and use various text features (e.g., captions, bold print, subheadings, glossaries, indexes, electronic menus, icons) to locate key facts or information in a text efficiently.</Statement>
    </Statements>
    <GradeLevels>
      <GradeLevel>02</GradeLevel>
    </GradeLevels>
    <LearningStandardDocumentRefId>0FAC40650F514a459951A657F942B845</LearningStandardDocumentRefId>
    <RelatedLearningStandardItems>
      <LearningStandardItemRefId RelationshipType="childOf">8C19382DBADF4869BED263846881ED2D</LearningStandardItemRefId>
    </RelatedLearningStandardItems>
  </LearningStandardItem>
  <LearningStandardItem xml:lang="en" RefID="FA5BEE2F21B344ee8409F6F38A93642A">
    <RefURI>http://corestandards.org/ELA-Literacy/RI/2/6/</RefURI>
    <StandardHierarchyLevel>
      <number>6</number>
      <description>Standard</description>
    </StandardHierarchyLevel>
    <StatementCodes>
      <StatementCode>CCSS.ELA-Literacy.RI.2.6</StatementCode>
    </StatementCodes>
    <Statements>
      <Statement>Identify the main purpose of a text, including what the author wants to answer, explain, or describe.</Statement>
    </Statements>
    <GradeLevels>
      <GradeLevel>02</GradeLevel>
    </GradeLevels>
    <LearningStandardDocumentRefId>0FAC40650F514a459951A657F942B845</LearningStandardDocumentRefId>
    <RelatedLearningStandardItems>
      <LearningStandardItemRefId RelationshipType="childOf">8C19382DBADF4869BED263846881ED2D</LearningStandardItemRefId>
    </RelatedLearningStandardItems>
  </LearningStandardItem>
  <LearningStandardItem xml:lang="en" RefID="DCC8157105EB48c594F8ADBB105A455E">
    <RefURI>http://corestandards.org/ELA-Literacy/RI/2/7/</RefURI>
    <StandardHierarchyLevel>
      <number>6</number>
      <description>Standard</description>
    </StandardHierarchyLevel>
    <StatementCodes>
      <StatementCode>CCSS.ELA-Literacy.RI.2.7</StatementCode>
    </StatementCodes>
    <Statements>
      <Statement>Explain how specific images (e.g., a diagram showing how a machine works) contribute to and clarify a text.</Statement>
    </Statements>
    <GradeLevels>
      <GradeLevel>02</GradeLevel>
    </GradeLevels>
    <LearningStandardDocumentRefId>0FAC40650F514a459951A657F942B845</LearningStandardDocumentRefId>
    <RelatedLearningStandardItems>
      <LearningStandardItemRefId RelationshipType="childOf">8C19382DBADF4869BED263846881ED2D</LearningStandardItemRefId>
    </RelatedLearningStandardItems>
  </LearningStandardItem>
  <LearningStandardItem xml:lang="en" RefID="AF1E024C706B4df09E759C69796EF8E7">
    <RefURI>http://corestandards.org/ELA-Literacy/RI/2/8/</RefURI>
    <StandardHierarchyLevel>
      <number>6</number>
      <description>Standard</description>
    </StandardHierarchyLevel>
    <StatementCodes>
      <StatementCode>CCSS.ELA-Literacy.RI.2.8</StatementCode>
    </StatementCodes>
    <Statements>
      <Statement>Describe how reasons support specific points the author makes in a text.</Statement>
    </Statements>
    <GradeLevels>
      <GradeLevel>02</GradeLevel>
    </GradeLevels>
    <LearningStandardDocumentRefId>0FAC40650F514a459951A657F942B845</LearningStandardDocumentRefId>
    <RelatedLearningStandardItems>
      <LearningStandardItemRefId RelationshipType="childOf">8C19382DBADF4869BED263846881ED2D</LearningStandardItemRefId>
    </RelatedLearningStandardItems>
  </LearningStandardItem>
  <LearningStandardItem xml:lang="en" RefID="58045C1D987F446d92163B119955C7A5">
    <RefURI>http://corestandards.org/ELA-Literacy/RI/2/9/</RefURI>
    <StandardHierarchyLevel>
      <number>6</number>
      <description>Standard</description>
    </StandardHierarchyLevel>
    <StatementCodes>
      <StatementCode>CCSS.ELA-Literacy.RI.2.9</StatementCode>
    </StatementCodes>
    <Statements>
      <Statement>Compare and contrast the most important points presented by two texts on the same topic.</Statement>
    </Statements>
    <GradeLevels>
      <GradeLevel>02</GradeLevel>
    </GradeLevels>
    <LearningStandardDocumentRefId>0FAC40650F514a459951A657F942B845</LearningStandardDocumentRefId>
    <RelatedLearningStandardItems>
      <LearningStandardItemRefId RelationshipType="childOf">8C19382DBADF4869BED263846881ED2D</LearningStandardItemRefId>
    </RelatedLearningStandardItems>
  </LearningStandardItem>
  <LearningStandardItem xml:lang="en" RefID="E96B5CFE560B43fe9C495975024A00FC">
    <RefURI>http://corestandards.org/ELA-Literacy/RI/2/10/</RefURI>
    <StandardHierarchyLevel>
      <number>6</number>
      <description>Standard</description>
    </StandardHierarchyLevel>
    <StatementCodes>
      <StatementCode>CCSS.ELA-Literacy.RI.2.10</StatementCode>
    </StatementCodes>
    <Statements>
      <Statement>By the end of year, read and comprehend informational texts, including history/social studies, science, and technical texts, in the grades 2&amp;ndash;3 text complexity band proficiently, with scaffolding as needed at the high end of the range.</Statement>
    </Statements>
    <GradeLevels>
      <GradeLevel>02</GradeLevel>
    </GradeLevels>
    <LearningStandardDocumentRefId>0FAC40650F514a459951A657F942B845</LearningStandardDocumentRefId>
    <RelatedLearningStandardItems>
      <LearningStandardItemRefId RelationshipType="childOf">8C19382DBADF4869BED263846881ED2D</LearningStandardItemRefId>
    </RelatedLearningStandardItems>
  </LearningStandardItem>
</LearningStandards>
