<?xml version="1.0" encoding="UTF-8"?>
<LearningStandards>
  <LearningStandardItem xml:lang="en" RefID="5177EB022E554ec0BC33B62D8D63B1AC">
    <RefURI>http://corestandards.org/ELA-Literacy/L/8/1/b/</RefURI>
    <StandardHierarchyLevel>
      <number>6</number>
      <description>Component</description>
    </StandardHierarchyLevel>
    <StatementCodes>
      <StatementCode>CCSS.ELA-Literacy.L.8.1b</StatementCode>
    </StatementCodes>
    <Statements>
      <Statement>Form and use verbs in the active and passive voice.</Statement>
    </Statements>
    <GradeLevels>
      <GradeLevel>08</GradeLevel>
    </GradeLevels>
    <LearningStandardDocumentRefId>0FAC40650F514a459951A657F942B845</LearningStandardDocumentRefId>
    <RelatedLearningStandardItems>
      <LearningStandardItemRefId RelationshipType="childOf">B21D45FD717A4dbbB9B8818A5D92CA9C</LearningStandardItemRefId>
    </RelatedLearningStandardItems>
  </LearningStandardItem>
</LearningStandards>
