<?xml version="1.0" encoding="UTF-8"?>
<LearningStandards>
  <LearningStandardItem xml:lang="en" RefID="91AD7BA4392646459B49E7DCB06B6819">
    <RefURI>http://corestandards.org/ELA-Literacy/L/3/4/b/</RefURI>
    <StandardHierarchyLevel>
      <number>6</number>
      <description>Component</description>
    </StandardHierarchyLevel>
    <StatementCodes>
      <StatementCode>CCSS.ELA-Literacy.L.3.4b</StatementCode>
    </StatementCodes>
    <Statements>
      <Statement>Determine the meaning of the new word formed when a known affix is added to a known word (e.g., &lt;em&gt;agreeable/disagreeable, comfortable/uncomfortable, care/careless, heat/preheat&lt;/em&gt;).</Statement>
    </Statements>
    <GradeLevels>
      <GradeLevel>03</GradeLevel>
    </GradeLevels>
    <LearningStandardDocumentRefId>0FAC40650F514a459951A657F942B845</LearningStandardDocumentRefId>
    <RelatedLearningStandardItems>
      <LearningStandardItemRefId RelationshipType="childOf">FF01BC6A620A4da9A6442D0B5326173A</LearningStandardItemRefId>
    </RelatedLearningStandardItems>
  </LearningStandardItem>
</LearningStandards>
