<?xml version="1.0" encoding="UTF-8"?>
<LearningStandards>
  <LearningStandardItem xml:lang="en" RefID="78B889683BFF44b081F0AF3C051D09C7">
    <RefURI>http://corestandards.org/ELA-Literacy/RF/K/1/c/</RefURI>
    <StandardHierarchyLevel>
      <number>6</number>
      <description>Component</description>
    </StandardHierarchyLevel>
    <StatementCodes>
      <StatementCode>CCSS.ELA-Literacy.RF.K.1c</StatementCode>
    </StatementCodes>
    <Statements>
      <Statement>Understand that words are separated by spaces in print.</Statement>
    </Statements>
    <GradeLevels>
      <GradeLevel>K</GradeLevel>
    </GradeLevels>
    <LearningStandardDocumentRefId>0FAC40650F514a459951A657F942B845</LearningStandardDocumentRefId>
    <RelatedLearningStandardItems>
      <LearningStandardItemRefId RelationshipType="childOf">AB47FB4D87DB4fb792AFE88F010C43D0</LearningStandardItemRefId>
    </RelatedLearningStandardItems>
  </LearningStandardItem>
</LearningStandards>
