<?xml version="1.0" encoding="UTF-8"?>
<LearningStandards>
  <LearningStandardItem xml:lang="en" RefID="E9630D144C7B4eaf84C721A3CED739D6">
    <RefURI>http://corestandards.org/ELA-Literacy/L/2/4/d/</RefURI>
    <StandardHierarchyLevel>
      <number>6</number>
      <description>Component</description>
    </StandardHierarchyLevel>
    <StatementCodes>
      <StatementCode>CCSS.ELA-Literacy.L.2.4d</StatementCode>
    </StatementCodes>
    <Statements>
      <Statement>Use knowledge of the meaning of individual words to predict the meaning of compound words (e.g., &lt;em&gt;birdhouse, lighthouse, housefly; bookshelf, notebook, bookmark&lt;/em&gt;).</Statement>
    </Statements>
    <GradeLevels>
      <GradeLevel>02</GradeLevel>
    </GradeLevels>
    <LearningStandardDocumentRefId>0FAC40650F514a459951A657F942B845</LearningStandardDocumentRefId>
    <RelatedLearningStandardItems>
      <LearningStandardItemRefId RelationshipType="childOf">2714F0E3029D4d0c9E76491D7FAC4E2A</LearningStandardItemRefId>
    </RelatedLearningStandardItems>
  </LearningStandardItem>
</LearningStandards>
