<?xml version="1.0" encoding="UTF-8"?>
<LearningStandards>
  <LearningStandardItem xml:lang="en" RefID="070886B68CE240ffA751F15E0233655D">
    <RefURI>http://corestandards.org/ELA-Literacy/RH/6-8/4/</RefURI>
    <StandardHierarchyLevel>
      <number>6</number>
      <description>Standard</description>
    </StandardHierarchyLevel>
    <StatementCodes>
      <StatementCode>CCSS.ELA-Literacy.RH.6-8.4</StatementCode>
    </StatementCodes>
    <Statements>
      <Statement>Determine the meaning of words and phrases as they are used in a text, including vocabulary specific to domains related to history/social studies.</Statement>
    </Statements>
    <GradeLevels>
      <GradeLevel>06</GradeLevel>
      <GradeLevel>07</GradeLevel>
      <GradeLevel>08</GradeLevel>
    </GradeLevels>
    <LearningStandardDocumentRefId>0FAC40650F514a459951A657F942B845</LearningStandardDocumentRefId>
    <RelatedLearningStandardItems>
      <LearningStandardItemRefId RelationshipType="childOf">CE072048B1EB420891ED23C2A04016D7</LearningStandardItemRefId>
    </RelatedLearningStandardItems>
  </LearningStandardItem>
</LearningStandards>
