<?xml version="1.0" encoding="UTF-8"?>
<LearningStandards>
  <LearningStandardItem xml:lang="en" RefID="6715A698DE47427688496DA3D72AFE7E">
    <RefURI>http://corestandards.org/ELA-Literacy/RH/6-8/7/</RefURI>
    <StandardHierarchyLevel>
      <number>6</number>
      <description>Standard</description>
    </StandardHierarchyLevel>
    <StatementCodes>
      <StatementCode>CCSS.ELA-Literacy.RH.6-8.7</StatementCode>
    </StatementCodes>
    <Statements>
      <Statement>Integrate visual information (e.g., in charts, graphs, photographs, videos, or maps) with other information in print and digital texts.</Statement>
    </Statements>
    <GradeLevels>
      <GradeLevel>06</GradeLevel>
      <GradeLevel>07</GradeLevel>
      <GradeLevel>08</GradeLevel>
    </GradeLevels>
    <LearningStandardDocumentRefId>0FAC40650F514a459951A657F942B845</LearningStandardDocumentRefId>
    <RelatedLearningStandardItems>
      <LearningStandardItemRefId RelationshipType="childOf">CE072048B1EB420891ED23C2A04016D7</LearningStandardItemRefId>
    </RelatedLearningStandardItems>
  </LearningStandardItem>
</LearningStandards>
