<?xml version="1.0" encoding="UTF-8"?>
<LearningStandards>
  <LearningStandardItem xml:lang="en" RefID="EE67C0C945DF46d69FBAE3B41B2D269D">
    <RefURI>http://corestandards.org/ELA-Literacy/RH/6-8/9/</RefURI>
    <StandardHierarchyLevel>
      <number>6</number>
      <description>Standard</description>
    </StandardHierarchyLevel>
    <StatementCodes>
      <StatementCode>CCSS.ELA-Literacy.RH.6-8.9</StatementCode>
    </StatementCodes>
    <Statements>
      <Statement>Analyze the relationship between a primary and secondary source on the same topic.</Statement>
    </Statements>
    <GradeLevels>
      <GradeLevel>06</GradeLevel>
      <GradeLevel>07</GradeLevel>
      <GradeLevel>08</GradeLevel>
    </GradeLevels>
    <LearningStandardDocumentRefId>0FAC40650F514a459951A657F942B845</LearningStandardDocumentRefId>
    <RelatedLearningStandardItems>
      <LearningStandardItemRefId RelationshipType="childOf">CE072048B1EB420891ED23C2A04016D7</LearningStandardItemRefId>
    </RelatedLearningStandardItems>
  </LearningStandardItem>
</LearningStandards>
