<?xml version="1.0" encoding="UTF-8"?>
<LearningStandards>
  <LearningStandardItem xml:lang="en" RefID="7C9800C07D8B46ba93251887807B1B5A">
    <RefURI>http://corestandards.org/ELA-Literacy/RI/1/9/</RefURI>
    <StandardHierarchyLevel>
      <number>6</number>
      <description>Standard</description>
    </StandardHierarchyLevel>
    <StatementCodes>
      <StatementCode>CCSS.ELA-Literacy.RI.1.9</StatementCode>
    </StatementCodes>
    <Statements>
      <Statement>Identify basic similarities in and differences between two texts on the same topic (e.g., in illustrations, descriptions, or procedures).</Statement>
    </Statements>
    <GradeLevels>
      <GradeLevel>01</GradeLevel>
    </GradeLevels>
    <LearningStandardDocumentRefId>0FAC40650F514a459951A657F942B845</LearningStandardDocumentRefId>
    <RelatedLearningStandardItems>
      <LearningStandardItemRefId RelationshipType="childOf">EA97AD7B04EE40e7B30254D398BF9987</LearningStandardItemRefId>
    </RelatedLearningStandardItems>
  </LearningStandardItem>
</LearningStandards>
