<?xml version="1.0" encoding="UTF-8"?>
<LearningStandards>
  <LearningStandardItem xml:lang="en" RefID="2714F0E3029D4d0c9E76491D7FAC4E2A">
    <RefURI>http://corestandards.org/ELA-Literacy/L/2/4/</RefURI>
    <StandardHierarchyLevel>
      <number>6</number>
      <description>Standard</description>
    </StandardHierarchyLevel>
    <StatementCodes>
      <StatementCode>CCSS.ELA-Literacy.L.2.4</StatementCode>
    </StatementCodes>
    <Statements>
      <Statement>Determine or clarify the meaning of unknown and multiple-meaning words and phrases based on grade 2 reading and content, choosing flexibly from an array of strategies.</Statement>
    </Statements>
    <GradeLevels>
      <GradeLevel>02</GradeLevel>
    </GradeLevels>
    <LearningStandardDocumentRefId>0FAC40650F514a459951A657F942B845</LearningStandardDocumentRefId>
    <RelatedLearningStandardItems>
      <LearningStandardItemRefId RelationshipType="childOf">C62D9EBC8EDC48499ECE3D9BCBFAB681</LearningStandardItemRefId>
    </RelatedLearningStandardItems>
  </LearningStandardItem>
  <LearningStandardItem xml:lang="en" RefID="6593202EFEE642198096AEA1D433ED74">
    <RefURI>http://corestandards.org/ELA-Literacy/L/2/4/a/</RefURI>
    <StandardHierarchyLevel>
      <number>7</number>
      <description>Component</description>
    </StandardHierarchyLevel>
    <StatementCodes>
      <StatementCode>CCSS.ELA-Literacy.L.2.4a</StatementCode>
    </StatementCodes>
    <Statements>
      <Statement>Use sentence-level context as a clue to the meaning of a word or phrase.</Statement>
    </Statements>
    <GradeLevels>
      <GradeLevel>02</GradeLevel>
    </GradeLevels>
    <LearningStandardDocumentRefId>0FAC40650F514a459951A657F942B845</LearningStandardDocumentRefId>
    <RelatedLearningStandardItems>
      <LearningStandardItemRefId RelationshipType="childOf">2714F0E3029D4d0c9E76491D7FAC4E2A</LearningStandardItemRefId>
    </RelatedLearningStandardItems>
  </LearningStandardItem>
  <LearningStandardItem xml:lang="en" RefID="0B084ADB58D74d839CA8F9BEB2346D36">
    <RefURI>http://corestandards.org/ELA-Literacy/L/2/4/b/</RefURI>
    <StandardHierarchyLevel>
      <number>7</number>
      <description>Component</description>
    </StandardHierarchyLevel>
    <StatementCodes>
      <StatementCode>CCSS.ELA-Literacy.L.2.4b</StatementCode>
    </StatementCodes>
    <Statements>
      <Statement>Determine the meaning of the new word formed when a known prefix is added to a known word (e.g., &lt;em&gt;happy/unhappy, tell/retell&lt;/em&gt;).</Statement>
    </Statements>
    <GradeLevels>
      <GradeLevel>02</GradeLevel>
    </GradeLevels>
    <LearningStandardDocumentRefId>0FAC40650F514a459951A657F942B845</LearningStandardDocumentRefId>
    <RelatedLearningStandardItems>
      <LearningStandardItemRefId RelationshipType="childOf">2714F0E3029D4d0c9E76491D7FAC4E2A</LearningStandardItemRefId>
    </RelatedLearningStandardItems>
  </LearningStandardItem>
  <LearningStandardItem xml:lang="en" RefID="03F4D8160FD24337AD14950DC8F8FA43">
    <RefURI>http://corestandards.org/ELA-Literacy/L/2/4/c/</RefURI>
    <StandardHierarchyLevel>
      <number>7</number>
      <description>Component</description>
    </StandardHierarchyLevel>
    <StatementCodes>
      <StatementCode>CCSS.ELA-Literacy.L.2.4c</StatementCode>
    </StatementCodes>
    <Statements>
      <Statement>Use a known root word as a clue to the meaning of an unknown word with the same root (e.g., &lt;em&gt;addition, additional&lt;/em&gt;).</Statement>
    </Statements>
    <GradeLevels>
      <GradeLevel>02</GradeLevel>
    </GradeLevels>
    <LearningStandardDocumentRefId>0FAC40650F514a459951A657F942B845</LearningStandardDocumentRefId>
    <RelatedLearningStandardItems>
      <LearningStandardItemRefId RelationshipType="childOf">2714F0E3029D4d0c9E76491D7FAC4E2A</LearningStandardItemRefId>
    </RelatedLearningStandardItems>
  </LearningStandardItem>
  <LearningStandardItem xml:lang="en" RefID="E9630D144C7B4eaf84C721A3CED739D6">
    <RefURI>http://corestandards.org/ELA-Literacy/L/2/4/d/</RefURI>
    <StandardHierarchyLevel>
      <number>7</number>
      <description>Component</description>
    </StandardHierarchyLevel>
    <StatementCodes>
      <StatementCode>CCSS.ELA-Literacy.L.2.4d</StatementCode>
    </StatementCodes>
    <Statements>
      <Statement>Use knowledge of the meaning of individual words to predict the meaning of compound words (e.g., &lt;em&gt;birdhouse, lighthouse, housefly; bookshelf, notebook, bookmark&lt;/em&gt;).</Statement>
    </Statements>
    <GradeLevels>
      <GradeLevel>02</GradeLevel>
    </GradeLevels>
    <LearningStandardDocumentRefId>0FAC40650F514a459951A657F942B845</LearningStandardDocumentRefId>
    <RelatedLearningStandardItems>
      <LearningStandardItemRefId RelationshipType="childOf">2714F0E3029D4d0c9E76491D7FAC4E2A</LearningStandardItemRefId>
    </RelatedLearningStandardItems>
  </LearningStandardItem>
  <LearningStandardItem xml:lang="en" RefID="BCAB98E59AAD4dd0939C6055DD3E4CA7">
    <RefURI>http://corestandards.org/ELA-Literacy/L/2/4/e/</RefURI>
    <StandardHierarchyLevel>
      <number>7</number>
      <description>Component</description>
    </StandardHierarchyLevel>
    <StatementCodes>
      <StatementCode>CCSS.ELA-Literacy.L.2.4e</StatementCode>
    </StatementCodes>
    <Statements>
      <Statement>Use glossaries and beginning dictionaries, both print and digital, to determine or clarify the meaning of words and phrases.</Statement>
    </Statements>
    <GradeLevels>
      <GradeLevel>02</GradeLevel>
    </GradeLevels>
    <LearningStandardDocumentRefId>0FAC40650F514a459951A657F942B845</LearningStandardDocumentRefId>
    <RelatedLearningStandardItems>
      <LearningStandardItemRefId RelationshipType="childOf">2714F0E3029D4d0c9E76491D7FAC4E2A</LearningStandardItemRefId>
    </RelatedLearningStandardItems>
  </LearningStandardItem>
</LearningStandards>
