<?xml version="1.0" encoding="UTF-8"?>
<LearningStandards>
  <LearningStandardItem xml:lang="en" RefID="22A5936796EA4ffa91F5808DC5B6E1B8">
    <RefURI>http://corestandards.org/ELA-Literacy/L/3/1/c/</RefURI>
    <StandardHierarchyLevel>
      <number>6</number>
      <description>Component</description>
    </StandardHierarchyLevel>
    <StatementCodes>
      <StatementCode>CCSS.ELA-Literacy.L.3.1c</StatementCode>
    </StatementCodes>
    <Statements>
      <Statement>Use abstract nouns (e.g., &lt;em&gt;childhood&lt;/em&gt;).</Statement>
    </Statements>
    <GradeLevels>
      <GradeLevel>03</GradeLevel>
    </GradeLevels>
    <LearningStandardDocumentRefId>0FAC40650F514a459951A657F942B845</LearningStandardDocumentRefId>
    <RelatedLearningStandardItems>
      <LearningStandardItemRefId RelationshipType="childOf">F053D3437D1E4338A2C18B25DACBED85</LearningStandardItemRefId>
    </RelatedLearningStandardItems>
  </LearningStandardItem>
</LearningStandards>
